"0","# Convert date column to Date type and extract day of the month"
"0","transactions <- transactions %>%"
"0","  mutate(date = as.Date(date),"
"0","         day_of_month = day(date))"
"0",""
"0","# Filter out the 29th, 30th, and 31st days"
"0","filtered_df <- transactions %>%"
"0","  filter(day_of_month < 29)"
"0",""
"0","# Summarize total transactions by day of the month"
"0","transactions_by_day <- filtered_df %>%"
"0","  group_by(day_of_month) %>%"
"0","  summarise(total_transactions = sum(transactions, na.rm = TRUE))"
"0",""
"0","# Create a plotly plot"
"0","plot_ly(transactions_by_day, x = ~day_of_month, y = ~total_transactions, type = 'scatter', mode = 'lines+markers',"
"0","        marker = list(color = 'rgba(100, 149, 237, .9)'),"
"0","        line = list(color = 'rgba(65, 105, 225, .9)')) %>%"
"0","  layout(title = ""Total Transactions by Day of Month (Excluding 29th, 30th, 31st)"","
"0","         xaxis = list(title = ""Day of Month""),"
"0","         yaxis = list(title = ""Total Transactions""))"
